{
    "spriteSheetURL": "./graphics/breakout.png",
    "size":[64,16],
    "sprites":[
        {
            "name":"p_blue_2",
            "x":32,
            "y":64,
            "scalefactor":3,
            "colorKey":-1
        },
        {
            "name":"p_green_2",
            "x":32,
            "y":96,
            "scalefactor":3,
            "colorKey":-1
        },
        {
            "name":"p_red_2",
            "x":32,
            "y":128,
            "scalefactor":3,
            "colorKey":-1
        },
        {
            "name":"p_purple_2",
            "x":32,
            "y":160,
            "scalefactor":3,
            "colorKey":-1
        }        ]
}


